{
    "/ENTRY[entry]/atom_probe/STAGE_LAB[stage_lab]/base_temperature": 40.0,
    "/ENTRY[entry]/atom_probe/STAGE_LAB[stage_lab]/base_temperature/@units": "K",
    "/ENTRY[entry]/atom_probe/STAGE_LAB[stage_lab]/description": "Copper clip for instance, but not relevant for this example",
    "/ENTRY[entry]/atom_probe/STAGE_LAB[stage_lab]/design": "Not relevant for this example",
    "/ENTRY[entry]/atom_probe/STAGE_LAB[stage_lab]/manufacturer_name": "In-house",
    "/ENTRY[entry]/atom_probe/STAGE_LAB[stage_lab]/model": "Not relevant for this example",
    "/ENTRY[entry]/atom_probe/STAGE_LAB[stage_lab]/name": "Not relevant for this example",
    "/ENTRY[entry]/atom_probe/STAGE_LAB[stage_lab]/serial_number": "Not relevant for this example",
    "/ENTRY[entry]/atom_probe/counter_electrode/APERTURE[aperture]/description": "E.g further details about the reflectron, but this should be conceptualized with Cameca",
    "/ENTRY[entry]/atom_probe/counter_electrode/has_reflectron": false,
    "/ENTRY[entry]/atom_probe/counter_electrode/manufacturer_name": "Not relevant for this example",
    "/ENTRY[entry]/atom_probe/counter_electrode/model": "Not relevant for this example",
    "/ENTRY[entry]/atom_probe/counter_electrode/name": "Not relevant for this example",
    "/ENTRY[entry]/atom_probe/counter_electrode/serial_number": "Not relevant for this example",
    "/ENTRY[entry]/atom_probe/flight_path_length": 256.0,
    "/ENTRY[entry]/atom_probe/flight_path_length/@units": "mm",
    "/ENTRY[entry]/atom_probe/hit_multiplicity/program": "E.g. AP Suite",
    "/ENTRY[entry]/atom_probe/hit_multiplicity/program/@version": "Version and build number of AP Suite",
    "/ENTRY[entry]/atom_probe/hit_multiplicity/pulse_id": 0,
    "/ENTRY[entry]/atom_probe/instrument_capability": "Not relevant for this example",
    "/ENTRY[entry]/atom_probe/instrument_identifier": "Use the inventory number for instance",
    "/ENTRY[entry]/atom_probe/instrument_manufacturer": "AMETEK/Cameca",
    "/ENTRY[entry]/atom_probe/instrument_model": "3000XS",
    "/ENTRY[entry]/atom_probe/ion_detector/manufacturer_name": "Not relevant for this example",
    "/ENTRY[entry]/atom_probe/ion_detector/model": "Not relevant for this example",
    "/ENTRY[entry]/atom_probe/ion_detector/name": "Not relevant for this example",
    "/ENTRY[entry]/atom_probe/ion_detector/serial_number": "Not relevant for this example",
    "/ENTRY[entry]/atom_probe/ion_detector/signal_amplitude": 0.0,
    "/ENTRY[entry]/atom_probe/ion_detector/signal_amplitude/@units": "NX_UNITLESS",
    "/ENTRY[entry]/atom_probe/ion_detector/type": "mcp dld",
    "/ENTRY[entry]/atom_probe/ion_filtering/evaporation_id_included": false,
    "/ENTRY[entry]/atom_probe/ion_filtering/program": "E.g. AP Suite",
    "/ENTRY[entry]/atom_probe/ion_filtering/program/@version": "Version and build number of AP Suite",
    "/ENTRY[entry]/atom_probe/ion_impact_positions/arrival_time_pairs": 0,
    "/ENTRY[entry]/atom_probe/ion_impact_positions/arrival_time_pairs/@units": "NX_ANY",
    "/ENTRY[entry]/atom_probe/ion_impact_positions/detection_rate": 0.0,
    "/ENTRY[entry]/atom_probe/ion_impact_positions/detection_rate/@units": "NX_ANY",
    "/ENTRY[entry]/atom_probe/ion_impact_positions/program": "E.g. AP Suite",
    "/ENTRY[entry]/atom_probe/ion_impact_positions/program/@version": "Version and build number of AP Suite",
    "/ENTRY[entry]/atom_probe/laser_or_high_voltage_pulser/laser_pulser/manufacturer_name": "Not relevant for this example",
    "/ENTRY[entry]/atom_probe/laser_or_high_voltage_pulser/laser_pulser/model": "Not relevant for this example",
    "/ENTRY[entry]/atom_probe/laser_or_high_voltage_pulser/laser_pulser/name": "Not relevant for this example",
    "/ENTRY[entry]/atom_probe/laser_or_high_voltage_pulser/laser_pulser/power": 0.0,
    "/ENTRY[entry]/atom_probe/laser_or_high_voltage_pulser/laser_pulser/power/@units": "pW",
    "/ENTRY[entry]/atom_probe/laser_or_high_voltage_pulser/laser_pulser/pulse_energy": 0.0,
    "/ENTRY[entry]/atom_probe/laser_or_high_voltage_pulser/laser_pulser/pulse_energy/@units": "pJ",
    "/ENTRY[entry]/atom_probe/laser_or_high_voltage_pulser/laser_pulser/serial_number": "Not relevant for this example",
    "/ENTRY[entry]/atom_probe/laser_or_high_voltage_pulser/laser_pulser/wavelength": 0.0,
    "/ENTRY[entry]/atom_probe/laser_or_high_voltage_pulser/laser_pulser/wavelength/@units": "nm",
    "/ENTRY[entry]/atom_probe/control_software/analysis_chamber/pressure": 1.0e-11, 
    "/ENTRY[entry]/atom_probe/control_software/analysis_chamber/pressure/@units": "torr",
    "/ENTRY[entry]/atom_probe/hit_multiplicity/hit_multiplicity": 0,
    "/ENTRY[entry]/atom_probe/hit_multiplicity/pulses_since_last_ion": 0,
    "/ENTRY[entry]/atom_probe/ion_impact_positions/hit_positions": [0.0, 0.0],
    "/ENTRY[entry]/atom_probe/ion_impact_positions/hit_positions/@units": "cm",
    "/ENTRY[entry]/atom_probe/laser_or_high_voltage_pulser/pulse_fraction": 0,
    "/ENTRY[entry]/atom_probe/laser_or_high_voltage_pulser/pulse_frequency": 0,
    "/ENTRY[entry]/atom_probe/laser_or_high_voltage_pulser/pulse_frequency/@units": "NX_DIMENSIONLESS",
    "/ENTRY[entry]/atom_probe/laser_or_high_voltage_pulser/pulse_mode": "laser",
    "/ENTRY[entry]/atom_probe/laser_or_high_voltage_pulser/pulsed_voltage": 0.0,
    "/ENTRY[entry]/atom_probe/laser_or_high_voltage_pulser/pulsed_voltage/@units": "V",
    "/ENTRY[entry]/atom_probe/laser_or_high_voltage_pulser/standing_voltage": 0.0,
    "/ENTRY[entry]/atom_probe/laser_or_high_voltage_pulser/standing_voltage/@units": "V",
    "/ENTRY[entry]/atom_probe/voltage_and_bowl_correction/calibrated_tof": 0.0,
    "/ENTRY[entry]/atom_probe/voltage_and_bowl_correction/calibrated_tof/@units": "ns",
    "/ENTRY[entry]/atom_probe/voltage_and_bowl_correction/raw_tof": 0.0,
    "/ENTRY[entry]/atom_probe/voltage_and_bowl_correction/raw_tof/@units": "ns",
    "/ENTRY[entry]/atom_probe/ranging/peak_identification/ION[ion]/name": "Unknown iontype",
    "/ENTRY[entry]/atom_probe/ranging/peak_identification/ION[ion]/charge_state": 0,
    "/ENTRY[entry]/atom_probe/ranging/peak_identification/ION[ion]/charge_state/@units": "NX_DIMENSIONLESS",
    "/ENTRY[entry]/atom_probe/ranging/peak_identification/ION[ion]/ion_type": 0,
    "/ENTRY[entry]/atom_probe/ranging/peak_identification/ION[ion]/isotope_vector": [0, 0, 0, 0, 0, 0, 0, 0, 0, 0, 0, 0, 0, 0, 0, 0, 0, 0, 0, 0, 0, 0, 0, 0, 0, 0, 0, 0, 0, 0, 0, 0],
    "/ENTRY[entry]/atom_probe/ranging/peak_identification/ION[ion]/mass_to_charge_range": [0.000, 0.001],
    "/ENTRY[entry]/atom_probe/ranging/peak_identification/ION[ion]/mass_to_charge_range/@units": "Da",
    "/ENTRY[entry]/atom_probe/location": "Not relevant for this example",
    "/ENTRY[entry]/atom_probe/mass_to_charge_conversion/program": "E.g. AP Suite",
    "/ENTRY[entry]/atom_probe/mass_to_charge_conversion/program/@version": "Version and build number of AP Suite",
    "/ENTRY[entry]/atom_probe/name": "Raptor",
    "/ENTRY[entry]/atom_probe/ranging/background_quantification/program": "E.g. AP Suite",
    "/ENTRY[entry]/atom_probe/ranging/background_quantification/program/@version": "Build and version number of AP Suite",
    "/ENTRY[entry]/atom_probe/ranging/mass_to_charge_distribution/program": "E.g. AP Suite",
    "/ENTRY[entry]/atom_probe/ranging/mass_to_charge_distribution/program/@version": "Build and version number of AP Suite",
    "/ENTRY[entry]/atom_probe/ranging/mass_to_charge_distribution/range_increment": 0.001,
    "/ENTRY[entry]/atom_probe/ranging/mass_to_charge_distribution/range_increment/@units": "Da",
    "/ENTRY[entry]/atom_probe/ranging/mass_to_charge_distribution/range_minmax": [0.0, 1000.0],
    "/ENTRY[entry]/atom_probe/ranging/mass_to_charge_distribution/range_minmax/@units": "Da",
    "/ENTRY[entry]/atom_probe/ranging/maximum_number_of_atoms_per_molecular_ion": 0,
    "/ENTRY[entry]/atom_probe/ranging/peak_identification/ION[ion]/name": "Not relevant for this example",
    "/ENTRY[entry]/atom_probe/ranging/peak_identification/program": "E.g. AP Suite",
    "/ENTRY[entry]/atom_probe/ranging/peak_identification/program/@version": "Version and build number of AP Suite",
    "/ENTRY[entry]/atom_probe/ranging/peak_search_and_deconvolution/PEAK[peak]/intensity": 0,
    "/ENTRY[entry]/atom_probe/ranging/peak_search_and_deconvolution/PEAK[peak]/intensity/@units": "NX_DIMENSIONLESS",
    "/ENTRY[entry]/atom_probe/ranging/peak_search_and_deconvolution/PEAK[peak]/label": "Not relevant for this example",
    "/ENTRY[entry]/atom_probe/ranging/peak_search_and_deconvolution/PEAK[peak]/peak_model": "empirical",
    "/ENTRY[entry]/atom_probe/ranging/peak_search_and_deconvolution/PEAK[peak]/position": 0,
    "/ENTRY[entry]/atom_probe/ranging/peak_search_and_deconvolution/PEAK[peak]/position/@units": "Da",
    "/ENTRY[entry]/atom_probe/ranging/peak_search_and_deconvolution/program": "E.g. AP Suite",
    "/ENTRY[entry]/atom_probe/ranging/peak_search_and_deconvolution/program/@version": "Version and build number of AP Suite",
    "/ENTRY[entry]/atom_probe/ranging/program": "E.g. AP Suite",
    "/ENTRY[entry]/atom_probe/ranging/program/@version": "Version and build number of AP Suite",
    "/ENTRY[entry]/atom_probe/reconstruction/program": "E.g. AP Suite",
    "/ENTRY[entry]/atom_probe/reconstruction/program/@version": "Version and build number of AP Suite",
    "/ENTRY[entry]/atom_probe/reconstruction/protocol_name": "bas original",
    "/ENTRY[entry]/atom_probe/specimen_monitoring/initial_radius": 30.0,
    "/ENTRY[entry]/atom_probe/specimen_monitoring/initial_radius/@units": "nm",
    "/ENTRY[entry]/atom_probe/specimen_monitoring/shank_angle": 5.0,
    "/ENTRY[entry]/atom_probe/specimen_monitoring/shank_angle/@units": "degree",
    "/ENTRY[entry]/atom_probe/voltage_and_bowl_correction/calibrated_tof": 0.0,
    "/ENTRY[entry]/atom_probe/voltage_and_bowl_correction/calibrated_tof/@units": "ns",
    "/ENTRY[entry]/atom_probe/voltage_and_bowl_correction/program": "E.g. AP Suite",
    "/ENTRY[entry]/atom_probe/voltage_and_bowl_correction/program/@version": "Version and build number of AP Suite",
    "/ENTRY[entry]/definition": "NXapm",
    "/ENTRY[entry]/definition/@version": "1",
    "/ENTRY[entry]/end_time": "2009-06-30T18:30:00.580+02:00",
    "/ENTRY[entry]/experiment_description": "Not relevant in this example",
    "/ENTRY[entry]/experiment_identifier": "ProjectHydrogen",
    "/ENTRY[entry]/operation_mode": "leap",
    "/ENTRY[entry]/operator/address": "None, (not shared here for data security purposes)",
    "/ENTRY[entry]/operator/affiliation": "A specific atom probe lab",
    "/ENTRY[entry]/operator/email": "None, (not shared here for data security purposes)",
    "/ENTRY[entry]/operator/name": "Dr. Atomprobe",
    "/ENTRY[entry]/operator/orcid": "0000-0000-0000-0000 (not shared here for data security purposes)",
    "/ENTRY[entry]/operator/role": "Research scientists keen on communicating data FAIR",
    "/ENTRY[entry]/operator/telephone_number": "Not shared here for data security purposes",
    "/ENTRY[entry]/program_name": "E.g. AP Suite",
    "/ENTRY[entry]/program_name/@version": "Version and build number of AP Suite",
    "/ENTRY[entry]/run_number": "R3000_35786",
    "/ENTRY[entry]/specimen/atom_types": "",
    "/ENTRY[entry]/specimen/name": "Example",
    "/ENTRY[entry]/specimen/preparation_date": "2009-06-30T18:30:00+02:00",
    "/ENTRY[entry]/specimen/sample_history": "No particular relevant history",
    "/ENTRY[entry]/specimen/short_title": "",
    "/ENTRY[entry]/start_time": "2009-06-30T18:30:00.580+02:00",
    "/ENTRY[entry]/thumbnail/@type": "Not used in this example"
}